<?xml version="1.0" ?>
<!DOCTYPE jupgrade>
<jupgrade>
	<name>Ambra Suscriptions for Joomla 2.5</name>

	<!-- The tables to copy to the new site. -->
	<tables>
		<table>ambrasubs_categories</table>
		<table>ambrasubs_categories2types</table>
		<table>ambrasubs_config</table>
		<table>ambrasubs_fileblobs</table>
		<table>ambrasubs_filelogs</table>
		<table>ambrasubs_files</table>
		<table>ambrasubs_files2categories</table>
		<table>ambrasubs_files2types</table>
		<table>ambrasubs_payments</table>
		<table>ambrasubs_settings</table>
		<table>ambrasubs_types</table>
		<table>ambrasubs_users2types</table>
	</tables>

	<!-- The folders to copy to the new site. -->
	<folders>
		<folder>media/com_ambrasubs</folder>
		<folder>subscription</folder>
	</folders>

	<!-- The categories to copy to the new site. -->
	<!--
	<categories>
		<category section="com_ambrasubs"></category>
	</categories>
	-->
</jupgrade>
