<?xml version="1.0" ?>
<!DOCTYPE jupgrade>
<jupgrade>
	<name>Admin Tools for Joomla 2.5</name>

	<!-- The tables to copy to the new site. -->
	<tables>
		<table>admintools_acl</table>
		<table>admintools_adminiplist</table>
		<table>admintools_badwords</table>
		<table>admintools_customperms</table>
		<table>admintools_ipautoban</table>
		<table>admintools_ipblock</table>
		<table>admintools_log</table>
		<table>admintools_redirects</table>
		<table>admintools_storage</table>
		<table>admintools_wafexceptions</table>
	</tables>

	<!-- The folders to copy to the new site. -->
	<folders>
		<folder>media/com_admintools</folder>
	</folders>

	<!-- The categories to copy to the new site. -->
	<!--
	<categories>
		<category section=""></category>
	</categories>
	-->
</jupgrade>
